timestep,mean_reward,std_reward,mean_comfort_dev,pct_in_band,total_energy_kwh
40000,-4.096755504608154,0.13868101556259382,1.642028307914734,4.999999999999999,33.769221496582034
80000,-8.890549850463866,0.12975823249844748,2.2121297836303713,31.25,32.0415756225586
120000,-7.772595596313477,0.10341194839219636,2.1033626079559324,20.0,31.707841873168945
160000,-4.331856966018677,0.21572636226392108,1.3310864925384522,44.791666666666664,36.35458221435547
200000,-2.6949572563171387,0.1595163758767491,1.0005343794822692,47.916666666666664,38.402059173583986
240000,-1.995304274559021,0.11743735387537706,0.9188612461090088,31.875,37.56615676879883
280000,-2.1251893520355223,0.174971347180725,0.9154582619667053,40.416666666666664,38.163359832763675
